FMX.AllPvl;Lider.CG.GIS.FMX.AllPvl
FMX.GisCanvasFix;Lider.CG.GIS.FMX.GeoCanvasFix
FMX.GisComboBox;Lider.CG.GIS.FMX.GeoComboBox
FMX.GisComboBoxHelper;Lider.CG.GIS.FMX.GeoComboBoxHelper
FMX.GisControl3D;Lider.CG.GIS.FMX.GeoControl3D
FMX.GisControlAttributes;Lider.CG.GIS.FMX.GeoControlAttributes
FMX.GisControlAttributesForm;Lider.CG.GIS.FMX.GeoControlAttributesForm
FMX.GisControlColor;Lider.CG.GIS.FMX.GeoControlColor
FMX.GisControlCsHelper;Lider.CG.GIS.FMX.GeoControlCsHelper
FMX.GisControlCsSystem;Lider.CG.GIS.FMX.GeoControlCsSystem
FMX.GisControlCsSystemSetup;Lider.CG.GIS.FMX.GeoControlCsSystemSetup
FMX.GisControlFieldFactor;Lider.CG.GIS.FMX.GeoControlFieldFactor
FMX.GisControlHelper;Lider.CG.GIS.FMX.GeoControlHelper
FMX.GisControlLegend;Lider.CG.GIS.FMX.GeoControlLegend
FMX.GisControlLegendBMP;Lider.CG.GIS.FMX.GeoControlLegendBMP
FMX.GisControlLegendFNT;Lider.CG.GIS.FMX.GeoControlLegendFNT
FMX.GisControlLegendForm;Lider.CG.GIS.FMX.GeoControlLegendForm
FMX.GisControlLegendGridWiz;Lider.CG.GIS.FMX.GeoControlLegendGridWiz
FMX.GisControlLegendLIB;Lider.CG.GIS.FMX.GeoControlLegendLIB
FMX.GisControlLegendSYM;Lider.CG.GIS.FMX.GeoControlLegendSYM
FMX.GisControlLegendVectorWiz;Lider.CG.GIS.FMX.GeoControlLegendVectorWiz
FMX.GisControlNorthArrow;Lider.CG.GIS.FMX.GeoControlNorthArrow
FMX.GisControlPrintPreview;Lider.CG.GIS.FMX.GeoControlPrintPreview
FMX.GisControlScale;Lider.CG.GIS.FMX.GeoControlScale
FMX.GisControlSizeForm;Lider.CG.GIS.FMX.GeoControlSizeForm
FMX.GisControlStatistics;Lider.CG.GIS.FMX.GeoControlStatistics
FMX.GisControlVarious;Lider.CG.GIS.FMX.GeoControlVarious
FMX.GisFormPvl;Lider.CG.GIS.FMX.GeoFormPvl
FMX.GisFramework;Lider.CG.GIS.FMX.GeoFramework
FMX.GisLegendUtilsFactory;Lider.CG.GIS.FMX.GeoLegendUtilsFactory
FMX.GisLineSymbolEditor;Lider.CG.GIS.FMX.GeoLineSymbolEditor
FMX.GisModalForm;Lider.CG.GIS.FMX.GeoModalForm
FMX.GisModalFormPvl;Lider.CG.GIS.FMX.GeoModalFormPvl
FMX.GisModalWizardPvl;Lider.CG.GIS.FMX.GeoModalWizardPvl
FMX.GisPrinters;Lider.CG.GIS.FMX.GeoPrinters
FMX.GisPrintLegend;Lider.CG.GIS.FMX.GeoPrintLegend
FMX.GisPrintManager;Lider.CG.GIS.FMX.GeoPrintManager
FMX.GisPvl;Lider.CG.GIS.FMX.GeoPvl
FMX.GisPvlControl3D;Lider.CG.GIS.FMX.GeoPvlControl3D
FMX.GisPvlControlAttributes;Lider.CG.GIS.FMX.GeoPvlControlAttributes
FMX.GisPvlControlLegend;Lider.CG.GIS.FMX.GeoPvlControlLegend
FMX.GisPvlControlNorthArrow;Lider.CG.GIS.FMX.GeoPvlControlNorthArrow
FMX.GisPvlControlPrintPreview;Lider.CG.GIS.FMX.GeoPvlControlPrintPreview
FMX.GisPvlControlScale;Lider.CG.GIS.FMX.GeoPvlControlScale
FMX.GisPvlForms;Lider.CG.GIS.FMX.GeoPvlForms
FMX.GisPvlGrid;Lider.CG.GIS.FMX.GeoPvlGrid
FMX.GisPvlViewerBmp;Lider.CG.GIS.FMX.GeoPvlViewerBmp
FMX.GisPvlViewerWnd;Lider.CG.GIS.FMX.GeoPvlViewerWnd
FMX.GisRenderer;Lider.CG.GIS.FMX.GeoRenderer
FMX.GisRenderer3D;Lider.CG.GIS.FMX.GeoRenderer3D
FMX.GisStyleRenderer;Lider.CG.GIS.FMX.GeoStyleRenderer
FMX.GisSystemForms;Lider.CG.GIS.FMX.GeoSystemForms
FMX.GisValueValidatorHelper;Lider.CG.GIS.FMX.GeoValueValidatorHelper
FMX.GisViewer3D;Lider.CG.GIS.FMX.GeoViewer3D
FMX.GisViewerBmp;Lider.CG.GIS.FMX.GeoViewerBmp
FMX.GisViewerWnd;Lider.CG.GIS.FMX.GeoViewerWnd
FMX.Mobile.GisControlCsSystem;Lider.CG.GIS.FMX.Mobile.GeoControlCsSystem
Gis3DFlyOver;Lider.CG.GIS.Geo3DFlyOver
GisAddressMatching;Lider.CG.GIS.GeoAddressMatching
GisAdoInt;Lider.CG.GIS.GeoAdoInt
GisAdoxInt;Lider.CG.GIS.GeoAdoxInt
GisAggregator;Lider.CG.GIS.GeoAggregator
GisAllBasicLayers;Lider.CG.GIS.GeoAllBasicLayers
GisAllEnterpriseLayers;Lider.CG.GIS.GeoAllEnterpriseLayers
GisAllLayers;Lider.CG.GIS.GeoAllLayers
GisAllPipelineOperations;Lider.CG.GIS.GeoAllPipelineOperations
GisArcLabel;Lider.CG.GIS.GeoArcLabel
GisAsyncRunner;Lider.CG.GIS.GeoAsyncRunner
GisBasemapHelper;Lider.CG.GIS.GeoBasemapHelper
GisChart;Lider.CG.GIS.GeoChart
GisClasses;Lider.CG.GIS.GeoClasses
GisClassification;Lider.CG.GIS.GeoClassification
GisCompression;Lider.CG.GIS.GeoCompression
GisConfig;Lider.CG.GIS.GeoConfig
GisConfigIni;Lider.CG.GIS.GeoConfigIni
GisConfigXml;Lider.CG.GIS.GeoConfigXml
GisContour;Lider.CG.GIS.GeoContour
GisControlLegendFormControler;Lider.CG.GIS.GeoControlLegendFormControler
GisControlPrintPreviewSimple;Lider.CG.GIS.GeoControlPrintPreviewSimple
GisCsBase;Lider.CG.GIS.GeoCsBase
GisCsEsri;Lider.CG.GIS.GeoCsEsri
GisCsFactory;Lider.CG.GIS.GeoCsFactory
GisCsMapinfo;Lider.CG.GIS.GeoCsMapinfo
GisCsProjections;Lider.CG.GIS.GeoCsProjections
GisCsSystems;Lider.CG.GIS.GeoCsSystems
GisCUDA;Lider.CG.GIS.GeoCUDA
GisDaoInt;Lider.CG.GIS.GeoDaoInt
GisDataSet;Lider.CG.GIS.GeoDataSet
GisDb;Lider.CG.GIS.GeoDb
GisDbAdo;Lider.CG.GIS.GeoDbAdo
GisDbAdoNet;Lider.CG.GIS.GeoDbAdoNet
GisDbDbx;Lider.CG.GIS.GeoDbDbx
GisDbFireDac;Lider.CG.GIS.GeoDbFireDac
GisDbSqlite;Lider.CG.GIS.GeoDbSqlite
GisDem;Lider.CG.GIS.GeoDem
GisDirectXLite;Lider.CG.GIS.GeoDirectXLite
GisEditor;Lider.CG.GIS.GeoEditor
GisEditorTools;Lider.CG.GIS.GeoEditorTools
GisFieldRules;Lider.CG.GIS.GeoFieldRules
GisFile8211;Lider.CG.GIS.GeoFile8211
GisFileAssimp;Lider.CG.GIS.GeoFileAssimp
GisFileBMP;Lider.CG.GIS.GeoFileBMP
GisFileCADRG;Lider.CG.GIS.GeoFileCADRG
GisFileDBF;Lider.CG.GIS.GeoFileDBF
GisFileDWG;Lider.CG.GIS.GeoFileDWG
GisFileFGDB;Lider.CG.GIS.GeoFileFGDB
GisFileFLT;Lider.CG.GIS.GeoFileFLT
GisFileGDAL;Lider.CG.GIS.GeoFileGDAL
GisFileGPB;Lider.CG.GIS.GeoFileGPB
GisFileGRD;Lider.CG.GIS.GeoFileGRD
GisFileJPEG;Lider.CG.GIS.GeoFileJPEG
GisFileJSON;Lider.CG.GIS.GeoFileJSON
GisFileLAS;Lider.CG.GIS.GeoFileLAS
GisFilePBF;Lider.CG.GIS.GeoFilePBF
GisFilePixel;Lider.CG.GIS.GeoFilePixel
GisFilePixelStore;Lider.CG.GIS.GeoFilePixelStore
GisFilePixelStoreAdo;Lider.CG.GIS.GeoFilePixelStoreAdo
GisFilePixelStoreAdoNet;Lider.CG.GIS.GeoFilePixelStoreAdoNet
GisFilePixelStoreDbx;Lider.CG.GIS.GeoFilePixelStoreDbx
GisFilePixelStoreFireDac;Lider.CG.GIS.GeoFilePixelStoreFireDac
GisFilePixelStoreSqlite;Lider.CG.GIS.GeoFilePixelStoreSqlite
GisFilePNG;Lider.CG.GIS.GeoFilePNG
GisFileS57;Lider.CG.GIS.GeoFileS57
GisFileSDTS;Lider.CG.GIS.GeoFileSDTS
GisFileSHP;Lider.CG.GIS.GeoFileSHP
GisFileSVG;Lider.CG.GIS.GeoFileSVG
GisFileTAB;Lider.CG.GIS.GeoFileTAB
GisFileTIFF;Lider.CG.GIS.GeoFileTIFF
GisFileVPF;Lider.CG.GIS.GeoFileVPF
GisFileWCS;Lider.CG.GIS.GeoFileWCS
GisFileWFS;Lider.CG.GIS.GeoFileWFS
GisFileWMS;Lider.CG.GIS.GeoFileWMS
GisFMEInt;Lider.CG.GIS.GeoFMEInt
GisFourierTransform;Lider.CG.GIS.GeoFourierTransform
GisFunctions;Lider.CG.GIS.GeoFunctions
GisGeocoding;Lider.CG.GIS.GeoGeocoding
GisGeometryFactory;Lider.CG.GIS.GeoGeometryFactory
GisGestureHelper;Lider.CG.GIS.GeoGestureHelper
GisGraticuleHelper;Lider.CG.GIS.GeoGraticuleHelper
GisHierarchy;Lider.CG.GIS.GeoHierarchy
GisHillshade;Lider.CG.GIS.GeoHillshade
GisHtmlLabel;Lider.CG.GIS.GeoHtmlLabel
GisHydrology;Lider.CG.GIS.GeoHydrology
GisImportProject;Lider.CG.GIS.GeoImportProject
GisInclude.inc;Lider.CG.GIS.GeoInclude.inc
GisIniFiles;Lider.CG.GIS.GeoIniFiles
GisInterfaces;Lider.CG.GIS.GeoInterfaces
GisInternals;Lider.CG.GIS.GeoInternals
GisInterpolation;Lider.CG.GIS.GeoInterpolation
GisIsochroneMap;Lider.CG.GIS.GeoIsochroneMap
GisLabelsArea;Lider.CG.GIS.GeoLabelsArea
GisLayer;Lider.CG.GIS.GeoLayer
GisLayerADF;Lider.CG.GIS.GeoLayerADF
GisLayerAssimp;Lider.CG.GIS.GeoLayerAssimp
GisLayerBIL;Lider.CG.GIS.GeoLayerBIL
GisLayerBMP;Lider.CG.GIS.GeoLayerBMP
GisLayerBT;Lider.CG.GIS.GeoLayerBT
GisLayerCADRG;Lider.CG.GIS.GeoLayerCADRG
GisLayerCompound;Lider.CG.GIS.GeoLayerCompound
GisLayerCSV;Lider.CG.GIS.GeoLayerCSV
GisLayerDEM;Lider.CG.GIS.GeoLayerDEM
GisLayerDGN;Lider.CG.GIS.GeoLayerDGN
GisLayerDLG;Lider.CG.GIS.GeoLayerDLG
GisLayerDTED;Lider.CG.GIS.GeoLayerDTED
GisLayerDWG;Lider.CG.GIS.GeoLayerDWG
GisLayerDXF;Lider.CG.GIS.GeoLayerDXF
GisLayerE00;Lider.CG.GIS.GeoLayerE00
GisLayerECW;Lider.CG.GIS.GeoLayerECW
GisLayerFGDB;Lider.CG.GIS.GeoLayerFGDB
GisLayerFLT;Lider.CG.GIS.GeoLayerFLT
GisLayerFME;Lider.CG.GIS.GeoLayerFME
GisLayerGDAL;Lider.CG.GIS.GeoLayerGDAL
GisLayerGDF;Lider.CG.GIS.GeoLayerGDF
GisLayerGIF;Lider.CG.GIS.GeoLayerGIF
GisLayerGML;Lider.CG.GIS.GeoLayerGML
GisLayerGPX;Lider.CG.GIS.GeoLayerGPX
GisLayerGRD;Lider.CG.GIS.GeoLayerGRD
GisLayerGSHHS;Lider.CG.GIS.GeoLayerGSHHS
GisLayerIMG;Lider.CG.GIS.GeoLayerIMG
GisLayerJPG;Lider.CG.GIS.GeoLayerJPG
GisLayerJSON;Lider.CG.GIS.GeoLayerJSON
GisLayerKML;Lider.CG.GIS.GeoLayerKML
GisLayerLandXML;Lider.CG.GIS.GeoLayerLandXML
GisLayerLAS;Lider.CG.GIS.GeoLayerLAS
GisLayerMIF;Lider.CG.GIS.GeoLayerMIF
GisLayerMrSID;Lider.CG.GIS.GeoLayerMrSID
GisLayerMVT;Lider.CG.GIS.GeoLayerMVT
GisLayerOGR;Lider.CG.GIS.GeoLayerOGR
GisLayerOSM;Lider.CG.GIS.GeoLayerOSM
GisLayerPixel;Lider.CG.GIS.GeoLayerPixel
GisLayerPixelSql;Lider.CG.GIS.GeoLayerPixelSql
GisLayerPixelStore;Lider.CG.GIS.GeoLayerPixelStore
GisLayerPixelStoreAdo;Lider.CG.GIS.GeoLayerPixelStoreAdo
GisLayerPixelStoreAdoNet;Lider.CG.GIS.GeoLayerPixelStoreAdoNet
GisLayerPixelStoreDbx;Lider.CG.GIS.GeoLayerPixelStoreDbx
GisLayerPixelStoreFireDac;Lider.CG.GIS.GeoLayerPixelStoreFireDac
GisLayerPixelStoreSqlite;Lider.CG.GIS.GeoLayerPixelStoreSqlite
GisLayerPixelUDF;Lider.CG.GIS.GeoLayerPixelUDF
GisLayerPLY;Lider.CG.GIS.GeoLayerPLY
GisLayerPNG;Lider.CG.GIS.GeoLayerPNG
GisLayerProject;Lider.CG.GIS.GeoLayerProject
GisLayerS57;Lider.CG.GIS.GeoLayerS57
GisLayerSDTS;Lider.CG.GIS.GeoLayerSDTS
GisLayerSGRD;Lider.CG.GIS.GeoLayerSGRD
GisLayerSHP;Lider.CG.GIS.GeoLayerSHP
GisLayerSql;Lider.CG.GIS.GeoLayerSql
GisLayerSqlAdo;Lider.CG.GIS.GeoLayerSqlAdo
GisLayerSqlAdoNet;Lider.CG.GIS.GeoLayerSqlAdoNet
GisLayerSqlDbx;Lider.CG.GIS.GeoLayerSqlDbx
GisLayerSqlFireDac;Lider.CG.GIS.GeoLayerSqlFireDac
GisLayerSqlGm;Lider.CG.GIS.GeoLayerSqlGm
GisLayerSqlGmAdo;Lider.CG.GIS.GeoLayerSqlGmAdo
GisLayerSqlGmDbx;Lider.CG.GIS.GeoLayerSqlGmDbx
GisLayerSqlGmFireDac;Lider.CG.GIS.GeoLayerSqlGmFireDac
GisLayerSqlGpkg;Lider.CG.GIS.GeoLayerSqlGpkg
GisLayerSqlGpkgSqlite;Lider.CG.GIS.GeoLayerSqlGpkgSqlite
GisLayerSqlOgis;Lider.CG.GIS.GeoLayerSqlOgis
GisLayerSqlOgisAdo;Lider.CG.GIS.GeoLayerSqlOgisAdo
GisLayerSqlOgisAdoNet;Lider.CG.GIS.GeoLayerSqlOgisAdoNet
GisLayerSqlOgisDbx;Lider.CG.GIS.GeoLayerSqlOgisDbx
GisLayerSqlOgisFireDac;Lider.CG.GIS.GeoLayerSqlOgisFireDac
GisLayerSqlOgisSqlite;Lider.CG.GIS.GeoLayerSqlOgisSqlite
GisLayerSqlPgdb;Lider.CG.GIS.GeoLayerSqlPgdb
GisLayerSqlPgdbAdo;Lider.CG.GIS.GeoLayerSqlPgdbAdo
GisLayerSqlPgdbDbx;Lider.CG.GIS.GeoLayerSqlPgdbDbx
GisLayerSqlPgdbFireDac;Lider.CG.GIS.GeoLayerSqlPgdbFireDac
GisLayerSqlSqlite;Lider.CG.GIS.GeoLayerSqlSqlite
GisLayerSRTM;Lider.CG.GIS.GeoLayerSRTM
GisLayerSTL;Lider.CG.GIS.GeoLayerSTL
GisLayerSublayer;Lider.CG.GIS.GeoLayerSublayer
GisLayerTAB;Lider.CG.GIS.GeoLayerTAB
GisLayerTIFF;Lider.CG.GIS.GeoLayerTIFF
GisLayerTiger;Lider.CG.GIS.GeoLayerTiger
GisLayerVector;Lider.CG.GIS.GeoLayerVector
GisLayerVectorSql;Lider.CG.GIS.GeoLayerVectorSql
GisLayerVectorUDF;Lider.CG.GIS.GeoLayerVectorUDF
GisLayerVPF;Lider.CG.GIS.GeoLayerVPF
GisLayerWCS;Lider.CG.GIS.GeoLayerWCS
GisLayerWebTiles;Lider.CG.GIS.GeoLayerWebTiles
GisLayerWFS;Lider.CG.GIS.GeoLayerWFS
GisLayerWMS;Lider.CG.GIS.GeoLayerWMS
GisLayerWMTS;Lider.CG.GIS.GeoLayerWMTS
GisLayerXYZ;Lider.CG.GIS.GeoLayerXYZ
GisLegend;Lider.CG.GIS.GeoLegend
GisLegendUtils;Lider.CG.GIS.GeoLegendUtils
GisLibrarySVG;Lider.CG.GIS.GeoLibrarySVG
GisLineSymbolEditorUtils;Lider.CG.GIS.GeoLineSymbolEditorUtils
GisLogger;Lider.CG.GIS.GeoLogger
GisMatrix;Lider.CG.GIS.GeoMatrix
GisMVTStyler;Lider.CG.GIS.GeoMVTStyler
GisNetwork;Lider.CG.GIS.GeoNetwork
GisOpenCL;Lider.CG.GIS.GeoOpenCL
GisOSMServices;Lider.CG.GIS.GeoOSMServices
GisParams;Lider.CG.GIS.GeoParams
GisPipeline;Lider.CG.GIS.GeoPipeline
GisPipelineOperations;Lider.CG.GIS.GeoPipelineOperations
GisPixelExportManager;Lider.CG.GIS.GeoPixelExportManager
GisPixelFilter;Lider.CG.GIS.GeoPixelFilter
GisPrintBuilder;Lider.CG.GIS.GeoPrintBuilder
GisPrintManagerAbstract;Lider.CG.GIS.GeoPrintManagerAbstract
GisPrintPreviewHelperAbstract;Lider.CG.GIS.GeoPrintPreviewHelperAbstract
GisPrintUtils;Lider.CG.GIS.GeoPrintUtils
GisProjectQgis;Lider.CG.GIS.GeoProjectQgis
GisQuadTree;Lider.CG.GIS.GeoQuadTree
GisRasterAlgebra;Lider.CG.GIS.GeoRasterAlgebra
GisRegistredLayers;Lider.CG.GIS.GeoRegistredLayers
GisRenderer3DAbstract;Lider.CG.GIS.GeoRenderer3DAbstract
GisRenderer3DDirectX9;Lider.CG.GIS.GeoRenderer3DDirectX9
GisRenderer3DDirectXAbstract;Lider.CG.GIS.GeoRenderer3DDirectXAbstract
GisRendererAbstract;Lider.CG.GIS.GeoRendererAbstract
GisResource.inc;Lider.CG.GIS.GeoResource.inc
GisResource;Lider.CG.GIS.GeoResource
GisResourceEx;Lider.CG.GIS.GeoResourceEx
GisRestServices;Lider.CG.GIS.GeoRestServices
GisRtl;Lider.CG.GIS.GeoRtl
GisRTree;Lider.CG.GIS.GeoRTree
GisShapes3D;Lider.CG.GIS.GeoShapes3D
GisSharedConnections;Lider.CG.GIS.GeoSharedConnections
GisShortestPath;Lider.CG.GIS.GeoShortestPath
GisSldFiles;Lider.CG.GIS.GeoSldFiles
GisSlopeMap;Lider.CG.GIS.GeoSlopeMap
GisSqlQuery;Lider.CG.GIS.GeoSqlQuery
GisStatistics;Lider.CG.GIS.GeoStatistics
GisStreams;Lider.CG.GIS.GeoStreams
GisStringFormat;Lider.CG.GIS.GeoStringFormat
GisStyleRendererAbstract;Lider.CG.GIS.GeoStyleRendererAbstract
GisSymbol;Lider.CG.GIS.GeoSymbol
GisTemplatePrint;Lider.CG.GIS.GeoTemplatePrint
GisTessellation;Lider.CG.GIS.GeoTessellation
GisTilerHelper;Lider.CG.GIS.GeoTilerHelper
GisTopology;Lider.CG.GIS.GeoTopology
GisTransform;Lider.CG.GIS.GeoTransform
GisTriangulation;Lider.CG.GIS.GeoTriangulation
GisTypes;Lider.CG.GIS.GeoTypes
GisTypes3D;Lider.CG.GIS.GeoTypes3D
GisTypesUI;Lider.CG.GIS.GeoTypesUI
GisUtils;Lider.CG.GIS.GeoUtils
GisVectorization;Lider.CG.GIS.GeoVectorization
GisVersion.inc;Lider.CG.GIS.GeoVersion.inc
GisViewer;Lider.CG.GIS.GeoViewer
GisViewer3DBase;Lider.CG.GIS.GeoViewer3DBase
GisViewer3DDirectX;Lider.CG.GIS.GeoViewer3DDirectX
GisViewerWndHelper;Lider.CG.GIS.GeoViewerWndHelper
GisViewshed;Lider.CG.GIS.GeoViewshed
GisXmlDoc;Lider.CG.GIS.GeoXmlDoc
GisXmlFiles;Lider.CG.GIS.GeoXmlFiles
GisXmlSax;Lider.CG.GIS.GeoXmlSax
PVL.GisControl3D;Lider.CG.GIS.PVL.GeoControl3D
PVL.GisControlAttributes;Lider.CG.GIS.PVL.GeoControlAttributes
PVL.GisControlBitmap;Lider.CG.GIS.PVL.GeoControlBitmap
PVL.GisControlColor;Lider.CG.GIS.PVL.GeoControlColor
PVL.GisControlFieldFactor;Lider.CG.GIS.PVL.GeoControlFieldFactor
PVL.GisControlFont;Lider.CG.GIS.PVL.GeoControlFont
PVL.GisControlLegend;Lider.CG.GIS.PVL.GeoControlLegend
PVL.GisControlLegendBMP;Lider.CG.GIS.PVL.GeoControlLegendBMP
PVL.GisControlLegendFNT;Lider.CG.GIS.PVL.GeoControlLegendFNT
PVL.GisControlLegendGridWiz;Lider.CG.GIS.PVL.GeoControlLegendGridWiz
PVL.GisControlLegendLIB;Lider.CG.GIS.PVL.GeoControlLegendLIB
PVL.GisControlLegendSYM;Lider.CG.GIS.PVL.GeoControlLegendSYM
PVL.GisControlLegendVectorWiz;Lider.CG.GIS.PVL.GeoControlLegendVectorWiz
PVL.GisControlNorthArrow;Lider.CG.GIS.PVL.GeoControlNorthArrow
PVL.GisControlPrintPreview;Lider.CG.GIS.PVL.GeoControlPrintPreview
PVL.GisControlScale;Lider.CG.GIS.PVL.GeoControlScale
PVL.GisControlSizeForm;Lider.CG.GIS.PVL.GeoControlSizeForm
PVL.GisControlStatistics;Lider.CG.GIS.PVL.GeoControlStatistics
PVL.GisControlSymbology;Lider.CG.GIS.PVL.GeoControlSymbology
PVL.GisControlSymbologyLibrary;Lider.CG.GIS.PVL.GeoControlSymbologyLibrary
PVL.GisGrid;Lider.CG.GIS.PVL.GeoGrid
PVL.GisPvl;Lider.CG.GIS.PVL.GeoPvl
PVL.GisPvlForms;Lider.CG.GIS.PVL.GeoPvlForms
PVL.GisPvlWidgets;Lider.CG.GIS.PVL.GeoPvlWidgets
PVL.GisValueValidatorHelper;Lider.CG.GIS.PVL.GeoValueValidatorHelper
PVL.GisViewerBmp;Lider.CG.GIS.PVL.GeoViewerBmp
PVL.GisViewerWnd;Lider.CG.GIS.PVL.GeoViewerWnd
VCL.AllPvl;Lider.CG.GIS.VCL.AllPvl
VCL.GisComboBoxHelper;Lider.CG.GIS.VCL.GeoComboBoxHelper
VCL.GisControl3D;Lider.CG.GIS.VCL.GeoControl3D
VCL.GisControlAttributes;Lider.CG.GIS.VCL.GeoControlAttributes
VCL.GisControlAttributesForm;Lider.CG.GIS.VCL.GeoControlAttributesForm
VCL.GisControlColor;Lider.CG.GIS.VCL.GeoControlColor
VCL.GisControlCsHelper;Lider.CG.GIS.VCL.GeoControlCsHelper
VCL.GisControlCsSystem;Lider.CG.GIS.VCL.GeoControlCsSystem
VCL.GisControlCsSystemSetup;Lider.CG.GIS.VCL.GeoControlCsSystemSetup
VCL.GisControlFieldFactor;Lider.CG.GIS.VCL.GeoControlFieldFactor
VCL.GisControlFontStyleForm;Lider.CG.GIS.VCL.GeoControlFontStyleForm
VCL.GisControlHelper;Lider.CG.GIS.VCL.GeoControlHelper
VCL.GisControlLegend;Lider.CG.GIS.VCL.GeoControlLegend
VCL.GisControlLegendBMP;Lider.CG.GIS.VCL.GeoControlLegendBMP
VCL.GisControlLegendFNT;Lider.CG.GIS.VCL.GeoControlLegendFNT
VCL.GisControlLegendForm;Lider.CG.GIS.VCL.GeoControlLegendForm
VCL.GisControlLegendGridWiz;Lider.CG.GIS.VCL.GeoControlLegendGridWiz
VCL.GisControlLegendLIB;Lider.CG.GIS.VCL.GeoControlLegendLIB
VCL.GisControlLegendSYM;Lider.CG.GIS.VCL.GeoControlLegendSYM
VCL.GisControlLegendVectorWiz;Lider.CG.GIS.VCL.GeoControlLegendVectorWiz
VCL.GisControlNorthArrow;Lider.CG.GIS.VCL.GeoControlNorthArrow
VCL.GisControlPrintPositionForm;Lider.CG.GIS.VCL.GeoControlPrintPositionForm
VCL.GisControlPrintPreview;Lider.CG.GIS.VCL.GeoControlPrintPreview
VCL.GisControlScale;Lider.CG.GIS.VCL.GeoControlScale
VCL.GisControlSizeForm;Lider.CG.GIS.VCL.GeoControlSizeForm
VCL.GisControlStatistics;Lider.CG.GIS.VCL.GeoControlStatistics
VCL.GisControlVarious;Lider.CG.GIS.VCL.GeoControlVarious
VCL.GisFormPvl;Lider.CG.GIS.VCL.GeoFormPvl
VCL.GisFramework;Lider.CG.GIS.VCL.GeoFramework
VCL.GisGdiPlus;Lider.CG.GIS.VCL.GeoGdiPlus
VCL.GisGps;Lider.CG.GIS.VCL.GeoGps
VCL.GisLegendUtilsFactory;Lider.CG.GIS.VCL.GeoLegendUtilsFactory
VCL.GisLineSymbolEditor;Lider.CG.GIS.VCL.GeoLineSymbolEditor
VCL.GisLineSymbolEditors;Lider.CG.GIS.VCL.GeoLineSymbolEditors
VCL.GisModalForm;Lider.CG.GIS.VCL.GeoModalForm
VCL.GisModalFormPvl;Lider.CG.GIS.VCL.GeoModalFormPvl
VCL.GisModalWizardPvl;Lider.CG.GIS.VCL.GeoModalWizardPvl
VCL.GisPipelineParamsEditor;Lider.CG.GIS.VCL.GeoPipelineParamsEditor
VCL.GisPrinters;Lider.CG.GIS.VCL.GeoPrinters
VCL.GisPrintLegend;Lider.CG.GIS.VCL.GeoPrintLegend
VCL.GisPrintManager;Lider.CG.GIS.VCL.GeoPrintManager
VCL.GisPrintTemplateDesigner;Lider.CG.GIS.VCL.GeoPrintTemplateDesigner
VCL.GisPvl;Lider.CG.GIS.VCL.GeoPvl
VCL.GisPvlControl3D;Lider.CG.GIS.VCL.GeoPvlControl3D
VCL.GisPvlControlAttributes;Lider.CG.GIS.VCL.GeoPvlControlAttributes
VCL.GisPvlControlLegend;Lider.CG.GIS.VCL.GeoPvlControlLegend
VCL.GisPvlControlNorthArrow;Lider.CG.GIS.VCL.GeoPvlControlNorthArrow
VCL.GisPvlControlPrintPreview;Lider.CG.GIS.VCL.GeoPvlControlPrintPreview
VCL.GisPvlControlScale;Lider.CG.GIS.VCL.GeoPvlControlScale
VCL.GisPvlForms;Lider.CG.GIS.VCL.GeoPvlForms
VCL.GisPvlGrid;Lider.CG.GIS.VCL.GeoPvlGrid
VCL.GisPvlViewerBmp;Lider.CG.GIS.VCL.GeoPvlViewerBmp
VCL.GisPvlViewerWnd;Lider.CG.GIS.VCL.GeoPvlViewerWnd
VCL.GisRenderer;Lider.CG.GIS.VCL.GeoRenderer
VCL.GisRendererDirect2D;Lider.CG.GIS.VCL.GeoRendererDirect2D
VCL.GisRendererGdi32;Lider.CG.GIS.VCL.GeoRendererGdi32
VCL.GisRendererGdiPlus;Lider.CG.GIS.VCL.GeoRendererGdiPlus
VCL.GisRendererGR32;Lider.CG.GIS.VCL.GeoRendererGR32
VCL.GisRendererSkia.Common;Lider.CG.GIS.VCL.GeoRendererSkia.Common
VCL.GisRendererSkia;Lider.CG.GIS.VCL.GeoRendererSkia
VCL.GisRendererSkia.Stub;Lider.CG.GIS.VCL.GeoRendererSkia.Stub
VCL.GisStyleRenderer;Lider.CG.GIS.VCL.GeoStyleRenderer
VCL.GisSystemForms;Lider.CG.GIS.VCL.GeoSystemForms
VCL.GisValueValidatorHelper;Lider.CG.GIS.VCL.GeoValueValidatorHelper
VCL.GisViewerBmp;Lider.CG.GIS.VCL.GeoViewerBmp
VCL.GisViewerWnd;Lider.CG.GIS.VCL.GeoViewerWnd
